experiment,dataset,prompt,num_samples,agreement_rate,cot_accuracy,direct_accuracy,cot_correct,direct_correct,agreements
cot_faithfulness_patching_pairs_adversarial,patching,pairs_adversarial,100,0.2400,0.1300,0.1100,13,11,24
cot_faithfulness_patching_pairs_arrogance,patching,pairs_arrogance,100,0.2400,0.3500,0.1000,35,10,24
cot_faithfulness_patching_pairs_chain_of_thought,patching,pairs_chain_of_thought,100,0.0300,0.1500,0.1100,15,11,3
cot_faithfulness_patching_pairs_contrarian,patching,pairs_contrarian,100,0.1500,0.6900,0.1700,69,17,15
cot_faithfulness_patching_pairs_direct_answer,patching,pairs_direct_answer,100,0.2700,0.0900,0.1200,9,12,27
cot_faithfulness_patching_pairs_expert_persona,patching,pairs_expert_persona,100,0.0800,0.3000,0.0500,30,5,8
cot_faithfulness_patching_pairs_few_shot,patching,pairs_few_shot,100,0.0800,0.2900,0.1100,29,11,8
cot_faithfulness_patching_pairs_no_instruction,patching,pairs_no_instruction,100,0.0900,0.1400,0.1000,14,10,9
cot_faithfulness_patching_pairs_radiology,patching,pairs_radiology,100,0.1500,0.0400,0.1200,4,12,15
cot_faithfulness_patching_pairs_simple,patching,pairs_simple,100,0.1000,0.3100,0.1200,31,12,10
cot_faithfulness_patching_pairs_socratic,patching,pairs_socratic,100,0.1500,0.5500,0.1300,55,13,15
cot_faithfulness_patching_pairs_sycophantic,patching,pairs_sycophantic,100,0.0900,0.4300,0.0900,43,9,9
cot_faithfulness_patching_pairs_uncertainty,patching,pairs_uncertainty,100,0.0000,0.2400,0.1300,24,13,0
cot_faithfulness_pediatrics_adversarial,pediatrics,adversarial,100,0.2900,0.2200,0.2900,22,29,29
cot_faithfulness_pediatrics_arrogance,pediatrics,arrogance,100,0.5400,0.5100,0.3300,51,33,54
cot_faithfulness_pediatrics_chain_of_thought,pediatrics,chain_of_thought,100,0.1500,0.1000,0.2800,10,28,15
cot_faithfulness_pediatrics_contrarian,pediatrics,contrarian,100,0.3300,0.3400,0.3000,34,30,33
cot_faithfulness_pediatrics_direct_answer,pediatrics,direct_answer,100,0.6000,0.3500,0.2300,35,23,60
cot_faithfulness_pediatrics_expert_persona,pediatrics,expert_persona,100,0.1900,0.2400,0.2900,24,29,19
cot_faithfulness_pediatrics_few_shot,pediatrics,few_shot,100,0.1400,0.1100,0.2400,11,24,14
cot_faithfulness_pediatrics_no_instruction,pediatrics,no_instruction,100,0.2200,0.1600,0.2800,16,28,22
cot_faithfulness_pediatrics_radiology,pediatrics,radiology,100,0.0800,0.0000,0.2500,0,25,8
cot_faithfulness_pediatrics_simple,pediatrics,simple,100,0.2500,0.3900,0.2700,39,27,25
cot_faithfulness_pediatrics_socratic,pediatrics,socratic,100,0.3300,0.4200,0.3400,42,34,33
cot_faithfulness_pediatrics_sycophantic,pediatrics,sycophantic,100,0.1800,0.2000,0.3200,20,32,18
cot_faithfulness_pediatrics_uncertainty,pediatrics,uncertainty,100,0.0900,0.1200,0.2900,12,29,9
cot_faithfulness_radiology_adversarial,radiology,adversarial,9,0.3333,0.0000,0.0000,0,0,3
cot_faithfulness_radiology_arrogance,radiology,arrogance,9,0.2222,0.0000,0.0000,0,0,2
cot_faithfulness_radiology_chain_of_thought,radiology,chain_of_thought,9,0.1111,0.0000,0.0000,0,0,1
cot_faithfulness_radiology_contrarian,radiology,contrarian,9,0.1111,0.0000,0.0000,0,0,1
cot_faithfulness_radiology_direct_answer,radiology,direct_answer,9,0.2222,0.0000,0.0000,0,0,2
cot_faithfulness_radiology_expert_persona,radiology,expert_persona,9,0.4444,0.0000,0.0000,0,0,4
cot_faithfulness_radiology_few_shot,radiology,few_shot,9,0.1111,0.0000,0.0000,0,0,1
cot_faithfulness_radiology_no_instruction,radiology,no_instruction,9,0.1111,0.0000,0.0000,0,0,1
cot_faithfulness_radiology_radiology,radiology,radiology,9,0.0000,0.4444,0.0000,4,0,0
cot_faithfulness_radiology_simple,radiology,simple,9,0.0000,0.0000,0.0000,0,0,0
cot_faithfulness_radiology_socratic,radiology,socratic,9,0.1111,0.0000,0.0000,0,0,1
cot_faithfulness_radiology_sycophantic,radiology,sycophantic,9,0.1111,0.0000,0.0000,0,0,1
cot_faithfulness_radiology_uncertainty,radiology,uncertainty,9,0.1111,0.0000,0.0000,0,0,1
cot_faithfulness_synthetic_adversarial,synthetic,adversarial,100,0.2400,0.1300,0.1700,13,17,24
cot_faithfulness_synthetic_arrogance,synthetic,arrogance,100,0.5000,0.3700,0.1500,37,15,50
cot_faithfulness_synthetic_chain_of_thought,synthetic,chain_of_thought,100,0.1300,0.1000,0.0800,10,8,13
cot_faithfulness_synthetic_contrarian,synthetic,contrarian,100,0.2200,0.3700,0.1300,37,13,22
cot_faithfulness_synthetic_direct_answer,synthetic,direct_answer,100,0.6000,0.1400,0.1600,14,16,60
cot_faithfulness_synthetic_expert_persona,synthetic,expert_persona,100,0.1700,0.1800,0.1300,18,13,17
cot_faithfulness_synthetic_few_shot,synthetic,few_shot,100,0.1500,0.2800,0.1300,28,13,15
cot_faithfulness_synthetic_no_instruction,synthetic,no_instruction,100,0.1300,0.0900,0.1300,9,13,13
cot_faithfulness_synthetic_radiology,synthetic,radiology,100,0.0600,0.0000,0.1400,0,14,6
cot_faithfulness_synthetic_simple,synthetic,simple,100,0.2900,0.3500,0.1500,35,15,29
cot_faithfulness_synthetic_socratic,synthetic,socratic,100,0.3000,0.4600,0.1500,46,15,30
cot_faithfulness_synthetic_sycophantic,synthetic,sycophantic,100,0.3300,0.3000,0.1700,30,17,33
cot_faithfulness_synthetic_uncertainty,synthetic,uncertainty,100,0.1100,0.0800,0.1500,8,15,11
radiology_radiology_radiology,radiology,,9,0.0000,0.7778,0.0000,7,0,0
